{
  "@context": "http://www.w3.org/ns/csvw",
  "url": "data.bin",
  "tableSchema": {
    "columns": [
      {
        "titles": "time",
        "datatype": "double",
        "myokit:unit": "ms"
      },
      {
        "titles": "0.Imon",
        "datatype": "double",
        "myokit:original_name": "Imon",
        "myokit:unit": "[pA]"
      },
      {
        "titles": "0.Vmon",
        "datatype": "double",
        "myokit:original_name": "Vmon",
        "myokit:unit": "[V]"
      }
    ]
  },
  "myokit:time": "2025-02-14 10:29:05",
  "myokit:r_pipette_MOhm": "0.0",
  "myokit:r_seal_MOhm": "14485.435265605904",
  "myokit:current_gain_mV_per_pA": "1.0",
  "myokit:filter1": "Bessel 100 kHz",
  "myokit:filter2": "Bypass",
  "myokit:filter1_kHz": "100",
  "myokit:filter2_kHz": "0",
  "myokit:stimulus_filter": "Bessel 20 us (on)",
  "myokit:ljp_correction_mV": "0.0",
  "myokit:voltage_offset_mV": "0.0",
  "myokit:holding_potential_mV": "0.0",
  "myokit:c_fast_compensation_enabled": "true",
  "myokit:c_fast_pF": "5.51705755349928",
  "myokit:c_fast_amp1_pF": "5.149416894661321",
  "myokit:c_fast_amp2_pF": "0.36764065883795893",
  "myokit:c_fast_tau2_us": "8.000007979801921",
  "myokit:c_slow_pF": "21.53464277375198",
  "myokit:c_slow_compensation_enabled": "false",
  "myokit:r_series_MOhm": "5.3410565157014975",
  "myokit:r_series_compensation_enabled": "false",
  "myokit:sampling_interval_ms": "0.005",
  "myokit:sweep_count": "1",
  "myokit:amplifier_mode": "voltage clamp",
  "myokit:protocol": "[[protocol]]\n# Level  Start    Length   Period   Multiplier\n-100.0   0.0      100.0    0.0      0\n100.0    100.0    100.0    0.0      0\n-30.0    200.0    100.0    0.0      0\n30.0     300.0    100.0    0.0      0\n-40.0    400.0    100.0    0.0      0\n20.0     500.0    100.0    0.0      0\n0.0      600.0    10.0     0.0      0\n0.0      610.0    10.0     0.0      0",
  "myokit:completed": "All sweeps ran and completed"
}