{
  "@context": "http://www.w3.org/ns/csvw",
  "url": "data.bin",
  "tableSchema": {
    "columns": [
      {
        "titles": "time",
        "datatype": "double",
        "myokit:unit": "ms"
      },
      {
        "titles": "0.Imon",
        "datatype": "double",
        "myokit:original_name": "Imon",
        "myokit:unit": "[pA]"
      },
      {
        "titles": "0.Vmon",
        "datatype": "double",
        "myokit:original_name": "Vmon",
        "myokit:unit": "[V]"
      }
    ]
  },
  "myokit:time": "2025-02-14 10:02:06",
  "myokit:r_pipette_MOhm": "0.0",
  "myokit:r_seal_MOhm": "502.72651019435847",
  "myokit:current_gain_mV_per_pA": "1.0",
  "myokit:filter1": "Bessel 10 kHz",
  "myokit:filter2": "Bessel 1 kHz combined, 1.01 kHz f2-only",
  "myokit:filter1_kHz": "10",
  "myokit:filter2_kHz": "1.005037815259212",
  "myokit:stimulus_filter": "Bessel 20 us (on)",
  "myokit:ljp_correction_mV": "0.0",
  "myokit:voltage_offset_mV": "0.0",
  "myokit:holding_potential_mV": "0.0",
  "myokit:c_fast_compensation_enabled": "true",
  "myokit:c_fast_pF": "6.710499689328364",
  "myokit:c_fast_amp1_pF": "4.895578985492785",
  "myokit:c_fast_amp2_pF": "1.8149207038355795",
  "myokit:c_fast_tau2_us": "7.500007310533873",
  "myokit:c_slow_pF": "20.829210081805023",
  "myokit:c_slow_compensation_enabled": "true",
  "myokit:c_slow_range": "100 pF",
  "myokit:c_slow_auto_amplitude_mV": "5.0",
  "myokit:c_slow_auto_cycles": "10",
  "myokit:c_slow_auto_timeout": "8.0",
  "myokit:r_series_MOhm": "6.1311051826648",
  "myokit:r_series_compensation_enabled": "false",
  "myokit:sampling_interval_ms": "0.005",
  "myokit:sweep_count": "1",
  "myokit:amplifier_mode": "voltage clamp",
  "myokit:protocol": "[[protocol]]\n# Level  Start    Length   Period   Multiplier\n-100.0   0.0      100.0    0.0      0\n100.0    100.0    100.0    0.0      0\n-30.0    200.0    100.0    0.0      0\n30.0     300.0    100.0    0.0      0\n-40.0    400.0    100.0    0.0      0\n20.0     500.0    100.0    0.0      0\n0.0      600.0    10.0     0.0      0\n0.0      610.0    10.0     0.0      0",
  "myokit:completed": "All sweeps ran and completed"
}